0,2013-01-01 00:00:00.0,84,2200,100,1.4,1.4,21,0
1,2013-01-01 00:00:00.0,97,4222,0,8,3.5,69,3
2,2013-01-01 00:00:00.0,108,5139,7747,76.7,24.4,0,163
3,2013-01-01 00:00:00.0,189,11311,0,9.4,9.4,0,304
4,2013-01-01 00:00:00.0,195,4061,4884,1351.6,139.6,99,19029
5,2013-01-01 00:00:00.0,213,2468,22056,27,22,67,22
6,2013-01-01 00:00:00.0,295,2737,0,8.8,3.9,9,46
7,2013-01-01 00:00:00.0,309,125,9,0.2,0.2,0,22
8,2013-01-01 00:00:00.0,407,159,0,12.6,6,0,0
9,2013-01-01 00:00:00.0,590,0,0,12.5,0,0,0
10,2013-01-01 00:00:00.0,733,6,0,42.4,42.4,0,0
11,2013-01-01 00:00:00.0,733,5,0,156,122,0,0
12,2013-01-01 00:00:00.0,803,520312,642459,145.7,145.7,0,1738
13,2013-01-01 00:00:00.0,807,9,0,628,131,28996,0
14,2013-01-01 00:00:00.0,814,12133,0,19.6,0,839,5612
15,2013-01-01 00:00:00.0,963,34321,74,11.1,11.1,597,4218
16,2013-01-01 00:00:00.0,965,352,37,0.6,0.6,9,244
17,2013-01-01 00:00:00.0,1009,6059,3629,18.6,15.6,921,0
18,2013-01-01 00:00:00.0,1015,6050,195,101.5,39.6,1764,2088
19,2013-01-01 00:00:00.0,1062,1800,1701,4.4,2.1,0,0
20,2013-01-01 00:00:00.0,1167,392711,2748,398,150,22863,12971
21,2013-01-01 00:00:00.0,1233,878,8,1.3,0.8,3,10
22,2013-01-01 00:00:00.0,1251,6273,0,10.7,10.4,0,0
23,2013-01-01 00:00:00.0,1283,197,0,0,0,5000,0
24,2013-01-01 00:00:00.0,1367,3058,148,43,0,32,0
25,2013-01-01 00:00:00.0,1529,7539,4847,218,44.7,0,191
26,2013-01-01 00:00:00.0,1573,911,0,2.9,2.4,1,11
27,2013-01-01 00:00:00.0,1611,1,241,12,0,11,0
28,2013-01-01 00:00:00.0,1611,1,863,30,29,121,0
29,2013-01-01 00:00:00.0,1613,27000,0,108,20.3,100,215
30,2013-01-01 00:00:00.0,1769,200,0,0.1,0,0,0
31,2013-01-01 00:00:00.0,1889,3120,0,12.2,12.2,466,0
32,2013-01-01 00:00:00.0,2172,2,5,2,1,3,22
33,2013-01-01 00:00:00.0,2182,741,2,1,1,283,9
34,2013-01-01 00:00:00.0,2192,1,0,5.1,3.8,28,0
35,2013-01-01 00:00:00.0,2502,2809,0,13.2,0,0,0
36,2013-01-01 00:00:00.0,2548,526,0,2.4,2.4,6312,0
37,2013-01-01 00:00:00.0,2599,328,2736,13,10,506,0
38,2013-01-01 00:00:00.0,2641,6429,0,5,2.5,0,0
39,2013-01-01 00:00:00.0,2655,1197,12900,8,3,5,6
40,2013-01-01 00:00:00.0,2678,69,0,1.7,1,24,2
41,2013-01-01 00:00:00.0,2961,4,1,1,0.5,30,2
42,2013-01-01 00:00:00.0,2985,977,0,2.5,2.5,44,18
43,2013-01-01 00:00:00.0,3046,100239,279,206.6,98.6,3254,6261
44,2013-01-01 00:00:00.0,3046,7113,4,14.8,6.7,529,1019
45,2013-01-01 00:00:00.0,3081,4528,84,16.8,16.8,802,15
46,2013-01-01 00:00:00.0,3093,5207,49,23,3.9,0,0
47,2013-01-01 00:00:00.0,3203,496,11,0.1,0.1,0,1896
48,2013-01-01 00:00:00.0,3205,852,0,36,21,0,0
49,2013-01-01 00:00:00.0,3222,4122,0,0,0,0,67
50,2013-01-01 00:00:00.0,3248,4888,6,3,3,103,283
51,2013-01-01 00:00:00.0,3258,17,0,21.7,0,0,0
52,2013-01-01 00:00:00.0,3278,20,0,4.3,4.3,0,0
53,2013-01-01 00:00:00.0,3279,0,18153,12.3,4.7,0,471
54,2013-01-01 00:00:00.0,3329,1,0,0.3,0.3,0,0
55,2013-01-01 00:00:00.0,3390,998,80,75.5,20,0,400
56,2013-01-01 00:00:00.0,3478,412,3,0.1,0.1,0,0
57,2013-01-01 00:00:00.0,3498,4651,0,9,5.5,508,174
58,2013-01-01 00:00:00.0,3503,5785,0,97.2,53.7,109,54
59,2013-01-01 00:00:00.0,3542,46550,899,191.4,0,-280,1188
60,2013-01-01 00:00:00.0,3597,34,0,0,0,1,9
61,2013-01-01 00:00:00.0,3701,0,0,0,0,293,19
62,2013-01-01 00:00:00.0,3755,5699,31,163.6,163.6,10045,668
63,2013-01-01 00:00:00.0,3757,15,0,0,0,0,0
64,2013-01-01 00:00:00.0,3764,1554,94,36.9,0,1445,0
65,2013-01-01 00:00:00.0,3931,4421,0,1.5,1.5,17,0
66,2013-01-01 00:00:00.0,3989,65,342,4.2,4.1,0,200
67,2013-01-01 00:00:00.0,4045,15394,20,30.9,10.9,1721,1580
68,2013-01-01 00:00:00.0,4065,14,0,0,0,0,0
69,2013-01-01 00:00:00.0,4110,76299,87,1282,87,2336,1500
70,2013-01-01 00:00:00.0,4117,1560,0,4.1,3.6,131,0
71,2013-01-01 00:00:00.0,4147,461,0,6.9,6.9,30,0
72,2013-01-01 00:00:00.0,4176,225,0,196,95,3223,905
73,2013-01-01 00:00:00.0,4226,29685,1867,132,67.2,7722,837
74,2013-01-01 00:00:00.0,4254,1582,108,0,0,6300,0
75,2013-01-01 00:00:00.0,4317,551,17,0,0,0,0
76,2013-01-01 00:00:00.0,4362,57,0,4.5,4.5,976,0
77,2013-01-01 00:00:00.0,4363,4667,0,62.1,59.4,0,236
78,2013-01-01 00:00:00.0,4401,3,5,15,0,0,0
79,2013-01-01 00:00:00.0,4430,871,0,1,0,0,33
80,2013-01-01 00:00:00.0,4432,11700,58,15,8,116,0
81,2013-01-01 00:00:00.0,4509,0,14,14.6,0,0,238
82,2013-01-01 00:00:00.0,4538,2,0,12,9,0,0
83,2013-01-01 00:00:00.0,4675,457,0,10.8,2.6,21,0
84,2013-01-01 00:00:00.0,4704,472,0,1.8,1.3,29,20
85,2013-01-01 00:00:00.0,4911,0,0,89.7,70.2,0,221
86,2013-01-01 00:00:00.0,5027,159053,659,35.9,35.9,2485,7207
87,2013-01-01 00:00:00.0,5027,26584,506,7.2,7.2,2119,3743
88,2013-01-01 00:00:00.0,5056,2554,29,2,2,105,0
89,2013-01-01 00:00:00.0,5070,66092,62,45.8,38.5,1560,0
90,2013-01-01 00:00:00.0,5111,1602,526,20.7,0,755,61
91,2013-01-01 00:00:00.0,5335,4,0,2.9,2.5,157,0
92,2013-01-01 00:00:00.0,5336,5,2,1.9,1.4,2,0
93,2013-01-01 00:00:00.0,5416,135622,1776,561.6,0,14124,5116
94,2013-01-01 00:00:00.0,5416,49788,480,246.9,0,4708,1705
95,2013-01-01 00:00:00.0,5417,3931,0,14.5,10,316,101
96,2013-01-01 00:00:00.0,5552,0,0,72.2,72.2,0,393
97,2013-01-01 00:00:00.0,5575,911,347,4.3,4.3,42,99
98,2013-01-01 00:00:00.0,5580,15399,180,189.2,18.3,12846,2851
99,2013-01-01 00:00:00.0,5585,4359,0,14,3,0,0
100,2013-01-01 00:00:00.0,5632,5469,0,13.2,8,646,79
101,2013-01-01 00:00:00.0,5701,4,0,0,0,0,0
102,2013-01-01 00:00:00.0,5701,22,12,9,9,465,0
103,2013-01-01 00:00:00.0,5780,1097,0,43.6,43.6,0,0
104,2013-01-01 00:00:00.0,5860,3,0,8.4,0,4048,0
105,2013-01-01 00:00:00.0,5880,1,0,1,1,0,0
106,2013-01-01 00:00:00.0,5905,457,0,9.7,0,0,15700
107,2013-01-01 00:00:00.0,6151,3841,107,5,3,21,6
108,2013-01-01 00:00:00.0,6181,3193,2428,6.2,4.7,22,19
109,2013-01-01 00:00:00.0,6342,6915,889,78.3,18,3609,10
110,2013-01-01 00:00:00.0,6395,321,0,0.2,0,47,0
111,2013-01-01 00:00:00.0,6411,530,100,27,10,429,652
112,2013-01-01 00:00:00.0,6431,360,0,0.8,0.8,6,2
113,2013-01-01 00:00:00.0,6443,3741,0,3,0,110,0
114,2013-01-01 00:00:00.0,6452,847462,119,30,0,104176,18292
115,2013-01-01 00:00:00.0,6455,396505,172,995,0,50733,21281
116,2013-01-01 00:00:00.0,6604,2795,0,10,5.2,103,5
117,2013-01-01 00:00:00.0,6640,4,0,0,0,1657,0
118,2013-01-01 00:00:00.0,6782,2014,0,17.8,10.9,287,87
119,2013-01-01 00:00:00.0,6804,508,0,1.2,0.4,15,3
120,2013-01-01 00:00:00.0,7004,125682,1415,38.9,38.9,60,85
121,2013-01-01 00:00:00.0,7140,51146,0,357.9,0,10503,120
122,2013-01-01 00:00:00.0,7349,4975,0,54.9,0,2469,11
123,2013-01-01 00:00:00.0,7489,1076,8,6.5,3.3,43,3
124,2013-01-01 00:00:00.0,7490,1,0,16.4,13,0,0
125,2013-01-01 00:00:00.0,7570,239950,23080,420,404,851,5149
126,2013-01-01 00:00:00.0,7634,2,3,0,0,470,0
127,2013-01-01 00:00:00.0,7720,2490,0,2,1,14,8
128,2013-01-01 00:00:00.0,7785,659,0,1,0,0,0
129,2013-01-01 00:00:00.0,7801,12657,8831,79.4,79.4,10597,15638
130,2013-01-01 00:00:00.0,7887,1,4,1,1,6,0
131,2013-01-01 00:00:00.0,8179,1114,0,1,0.2,23174,0
132,2013-01-01 00:00:00.0,8210,0,120,6,6,40,0
133,2013-01-01 00:00:00.0,8288,225,3,0,0,0,0
134,2013-01-01 00:00:00.0,8298,3299,0,8.8,6.1,0,185
135,2013-01-01 00:00:00.0,8319,29,0,13.7,12.9,0,124
136,2013-01-01 00:00:00.0,8333,2519,1,3.8,1.3,0,0
137,2013-01-01 00:00:00.0,8570,14,0,1.4,0,6,8
138,2013-01-01 00:00:00.0,8574,4752,0,19.7,14.1,1003,217
139,2013-01-01 00:00:00.0,8901,552,459,162.9,153,5221,351
140,2013-01-01 00:00:00.0,8924,0,50,20,12,0,0
141,2013-01-01 00:00:00.0,9191,95,0,32.5,32.5,2498,2784
142,2013-01-01 00:00:00.0,9191,5,0,10,10,132,67
143,2013-01-01 00:00:00.0,9209,110,1,4,4,0,20
144,2013-01-01 00:00:00.0,9231,2,0,2,0,0,0
145,2013-01-01 00:00:00.0,9267,13460,0,9.4,1.1,0,235
146,2013-01-01 00:00:00.0,9273,34996,104,76.5,26.2,1404,1171
147,2013-01-01 00:00:00.0,9324,6584,0,303.7,296.1,0,0
148,2013-01-01 00:00:00.0,9417,50439,2065,299.9,0,26505,519
149,2013-01-01 00:00:00.0,9417,12,13,1.7,0,392,0
150,2013-01-01 00:00:00.0,9576,149,0,0.9,0.8,2,31
151,2013-01-01 00:00:00.0,9590,10,0,0,8,0,0
152,2013-01-01 00:00:00.0,9601,25818,0,12,12,409,28
153,2013-01-01 00:00:00.0,9616,33929,1034,101,63,0,0
154,2013-01-01 00:00:00.0,9617,36,0,232,163,2190,0
155,2013-01-01 00:00:00.0,9726,14869,94,21.9,21.9,0,1122
156,2013-01-01 00:00:00.0,9750,1894,0,2.5,2.3,140,74
157,2013-01-01 00:00:00.0,9778,2,36,0.8,0.6,28,2
158,2013-01-01 00:00:00.0,9922,3184,1,1.1,1.1,1227,0
159,2013-01-01 00:00:00.0,9996,919,0,1,0,474,0
160,2013-01-01 00:00:00.0,10000,20170,0,49,49,584,132
161,2013-01-01 00:00:00.0,10000,22471,0,67,67,2035,208
162,2013-01-01 00:00:00.0,10005,27234,0,90.5,0,5517,0
163,2013-01-01 00:00:00.0,10065,500,2,2,0,25,0
164,2013-01-01 00:00:00.0,10153,29,1376,25.2,10.1,6,56
165,2013-01-01 00:00:00.0,10171,73282,1754,83,83,1,4
166,2013-01-01 00:00:00.0,10558,111,0,14.8,2.5,6,11
167,2013-01-01 00:00:00.0,10595,3,0,5,4.5,100,1
168,2013-01-01 00:00:00.0,10625,0,0,10,0,445,91
169,2013-01-01 00:00:00.0,10768,2000,8,9.8,7.1,0,0
170,2013-01-01 00:00:00.0,10857,22901,1676,39.5,26,1822,135
171,2013-01-01 00:00:00.0,10868,6,0,90.6,68,146,122
172,2013-01-01 00:00:00.0,11011,233,2,0,0,0,0
173,2013-01-01 00:00:00.0,11018,10,77,19,0,15,0
174,2013-01-01 00:00:00.0,11064,2254,67,1.6,0.7,40,23
175,2013-01-01 00:00:00.0,11171,22100,0,35.5,35.5,957,1137
176,2013-01-01 00:00:00.0,11208,7,267,44.5,22.3,44,0
177,2013-01-01 00:00:00.0,11249,90667,2426,88,88,2,4
178,2013-01-01 00:00:00.0,11251,477,0,20.2,14.6,0,42
179,2013-01-01 00:00:00.0,11256,3278,1,2.5,2.5,1,10
180,2013-01-01 00:00:00.0,11273,20,0,0.1,0,4,0
181,2013-01-01 00:00:00.0,11273,480,0,2.2,1.1,86,0
182,2013-01-01 00:00:00.0,11298,944,0,4.2,0.5,34,0
183,2013-01-01 00:00:00.0,11479,15623,0,33.5,0,1147,25575
184,2013-01-01 00:00:00.0,11560,0,51,3,3,77,0
185,2013-01-01 00:00:00.0,11731,4210,5652,8.3,8.3,697,74
186,2013-01-01 00:00:00.0,11811,760,52,1.3,1.1,33,11
187,2013-01-01 00:00:00.0,11843,14,5,5.4,3.7,3,41
188,2013-01-01 00:00:00.0,12090,579,29,0,0,0,26
189,2013-01-01 00:00:00.0,12199,5,0,14.9,0,81,120
190,2013-01-01 00:00:00.0,12199,718,65,14.1,2.5,0,0
191,2013-01-01 00:00:00.0,12208,21,0,0.5,0.5,0,0
192,2013-01-01 00:00:00.0,12260,5,252,4.6,1.3,5,0
193,2013-01-01 00:00:00.0,12301,6431,38239,199,79,0,195
194,2013-01-01 00:00:00.0,12341,63189,275,274.1,274.1,10923,2064
195,2013-01-01 00:00:00.0,12341,2920,12,15,15,540,98
196,2013-01-01 00:00:00.0,12341,137,0,0.1,0.1,5,12
197,2013-01-01 00:00:00.0,12390,0,0,0,0,786,801
198,2013-01-01 00:00:00.0,12395,2465,292,49.7,21,0,117
199,2013-01-01 00:00:00.0,12463,32,91,0.2,0.2,0,0
200,2013-01-01 00:00:00.0,12472,416,150,12,6,0,6000
201,2013-01-01 00:00:00.0,12524,202,6268,0,0,0,1323
202,2013-01-01 00:00:00.0,12539,250,0,0,0,350,0
203,2013-01-01 00:00:00.0,12615,852,181,5,3,82,0
204,2013-01-01 00:00:00.0,12647,136355,219,178,0,1061,0
205,2013-01-01 00:00:00.0,12660,0,0,1.5,0,0,0
206,2013-01-01 00:00:00.0,12686,29,0,129,22,541,651
207,2013-01-01 00:00:00.0,12698,12073,0,28,28,526,632
208,2013-01-01 00:00:00.0,12745,13196,0,28.2,0,595,70
209,2013-01-01 00:00:00.0,12894,0,2325,15,13.8,213,135
210,2013-01-01 00:00:00.0,12915,375,0,3.5,3.5,9,110
211,2013-01-01 00:00:00.0,12929,1718,0,0.7,0.7,0,57
212,2013-01-01 00:00:00.0,13058,1656,0,7.5,1.9,60,17
213,2013-01-01 00:00:00.0,13318,1021,56,10,5.2,4,35
214,2013-01-01 00:00:00.0,13337,238,0,5,5,337,38
215,2013-01-01 00:00:00.0,13407,64367,9653,179.2,148.9,7666,7365
216,2013-01-01 00:00:00.0,13441,8559,10,0,0,0,46503
217,2013-01-01 00:00:00.0,13480,826,17,0.8,0.2,18,2
218,2013-01-01 00:00:00.0,13511,62,455,71,40.3,1,2283
219,2013-01-01 00:00:00.0,13524,0,0,1,1,0,0
220,2013-01-01 00:00:00.0,13630,92,7407,145.7,125.9,0,0
221,2013-01-01 00:00:00.0,13640,32411,271,32,23,52,150
222,2013-01-01 00:00:00.0,13676,8974,0,0,0,205,0
223,2013-01-01 00:00:00.0,13683,0,0,70,0,0,0
224,2013-01-01 00:00:00.0,13687,140670,0,345,311,4283,1360
225,2013-01-01 00:00:00.0,13690,2550,1,3,2,71,51
226,2013-01-01 00:00:00.0,13698,736,3116,45.6,17,0,98
227,2013-01-01 00:00:00.0,13725,1662,4,4.1,2,0,0
228,2013-01-01 00:00:00.0,13756,0,193581,127.2,127.2,788,21034
229,2013-01-01 00:00:00.0,13762,4809,619,2,2,20,0
230,2013-01-01 00:00:00.0,13780,17478,28,1.1,1.1,1118,567
231,2013-01-01 00:00:00.0,13781,399831,743,39.2,39.2,67208,6081
232,2013-01-01 00:00:00.0,13781,11748,24,0.6,0.6,4672,150
233,2013-01-01 00:00:00.0,13781,17445,37,4.1,4.1,1923,219
234,2013-01-01 00:00:00.0,13798,15244,0,45.6,15.9,3871,302
235,2013-01-01 00:00:00.0,13815,1,0,1,0,30,0
236,2013-01-01 00:00:00.0,13838,16,0,82,82,0,0
237,2013-01-01 00:00:00.0,13936,5936,0,9.3,8.2,181,108
238,2013-01-01 00:00:00.0,13998,10135,69,260.9,260.9,15907,981
239,2013-01-01 00:00:00.0,14006,2408,0,108,108,0,0
240,2013-01-01 00:00:00.0,14063,34226,28993,84.6,39.4,8748,18156
241,2013-01-01 00:00:00.0,14127,9302,131,72.2,49,2245,2008
242,2013-01-01 00:00:00.0,14175,4055,3,1,1,0,0
243,2013-01-01 00:00:00.0,14178,1740,0,22,18,4390,0
244,2013-01-01 00:00:00.0,14201,634,9,1,1,0,0
245,2013-01-01 00:00:00.0,14202,602,0,4.9,2.5,4,1
246,2013-01-01 00:00:00.0,14232,18478,0,60,53,58,244
247,2013-01-01 00:00:00.0,14232,17813,0,58,51,58,244
248,2013-01-01 00:00:00.0,14232,3901,0,13,11,13,54
249,2013-01-01 00:00:00.0,14246,6860,144,7.1,7.1,350,0
250,2013-01-01 00:00:00.0,14251,5157,3185,0,0,0,0
251,2013-01-01 00:00:00.0,14328,803288,200336,658,581,41341,30827
252,2013-01-01 00:00:00.0,14354,232,0,167,97.9,4123,953
253,2013-01-01 00:00:00.0,14354,105511,0,116,114.3,2629,8455
254,2013-01-01 00:00:00.0,14398,37008,2355,47.9,35,134,803
255,2013-01-01 00:00:00.0,14426,205,78,12.3,3.6,75,0
256,2013-01-01 00:00:00.0,14468,4139,0,6.2,6.2,785,133
257,2013-01-01 00:00:00.0,14557,3,0,7,6,0,0
258,2013-01-01 00:00:00.0,14711,0,0,0,0,408,316
259,2013-01-01 00:00:00.0,14716,0,0,0,0,-394,47
260,2013-01-01 00:00:00.0,14717,107,0,5.5,0,180,0
261,2013-01-01 00:00:00.0,14940,74723,0,75,74,7369,1550
262,2013-01-01 00:00:00.0,15023,6540,0,6.8,6.8,136,478
263,2013-01-01 00:00:00.0,15034,4137,0,23,6.5,0,111
264,2013-01-01 00:00:00.0,15248,552,205,25.4,23,595,420
265,2013-01-01 00:00:00.0,15270,22157,1963,10.8,10.8,1375,5813
266,2013-01-01 00:00:00.0,15270,361770,4741,310.2,310.2,11652,16805
267,2013-01-01 00:00:00.0,15296,26,0,14.6,2,362,0
268,2013-01-01 00:00:00.0,15344,9403,0,21.5,11.7,0,19
269,2013-01-01 00:00:00.0,15356,1301,3,1,1,3,40
270,2013-01-01 00:00:00.0,15387,445,9,0.5,0.1,0,2664
271,2013-01-01 00:00:00.0,15410,760,0,1,1,0,0
272,2013-01-01 00:00:00.0,15466,10823,438,17.6,17.6,32655,8283
273,2013-01-01 00:00:00.0,15470,54903,2275,494.4,62.2,8818,1917
274,2013-01-01 00:00:00.0,15473,148594,1725,62,62,2336,5484
275,2013-01-01 00:00:00.0,15474,865,0,46.6,29.5,0,0
276,2013-01-01 00:00:00.0,15477,123294,1051,84.9,84.9,8423,4837
277,2013-01-01 00:00:00.0,15619,1,0,0,0,0,0
278,2013-01-01 00:00:00.0,15671,214,0,13,8.6,437,0
279,2013-01-01 00:00:00.0,15700,3,0,3,1,0,0
280,2013-01-01 00:00:00.0,15746,1,60,5,5,2305,0
281,2013-01-01 00:00:00.0,16060,100,0,7.8,7,0,56
282,2013-01-01 00:00:00.0,16181,7958,1012,15,14.3,660,0
283,2013-01-01 00:00:00.0,16183,2,0,1.3,0,0,0
284,2013-01-01 00:00:00.0,16195,2002,850,21,18,19,73
285,2013-01-01 00:00:00.0,16267,196,88,3.5,3.5,0,20
286,2013-01-01 00:00:00.0,16284,3224,23,0,0,60,0
287,2013-01-01 00:00:00.0,16295,3750,0,3.7,0,39,78
288,2013-01-01 00:00:00.0,16420,26,0,3.8,3.3,678,0
289,2013-01-01 00:00:00.0,16496,7827,0,3.4,0,167,0
290,2013-01-01 00:00:00.0,16534,93372,0,120.2,0,0,176
291,2013-01-01 00:00:00.0,16572,51,89,46.1,44.4,887,2732
292,2013-01-01 00:00:00.0,16603,1156,0,0.5,0.4,0,0
293,2013-01-01 00:00:00.0,16604,97349,2557,82.3,82.3,18164,2701
294,2013-01-01 00:00:00.0,16606,2759,9863,19,19,552,414
295,2013-01-01 00:00:00.0,16609,86816,1334,89,46.3,3264,9886
296,2013-01-01 00:00:00.0,16627,9,0,9.5,9.5,1223,0
297,2013-01-01 00:00:00.0,16674,593,10,20,12,0,50
298,2013-01-01 00:00:00.0,16740,7017,0,8.6,7,316,34
299,2013-01-01 00:00:00.0,16805,400,405,4.5,1.5,42,0
300,2013-01-01 00:00:00.0,16854,2444,0,9,0.8,31,25
301,2013-01-01 00:00:00.0,16865,20227,35,16.2,5.8,1306,717
302,2013-01-01 00:00:00.0,16920,41,0,36.4,2.5,38,38
303,2013-01-01 00:00:00.0,16932,307,0,0,0,0,0
304,2013-01-01 00:00:00.0,16971,1900,0,1.9,0,23,19
305,2013-01-01 00:00:00.0,17008,1,5,2.3,2,80,28
306,2013-01-01 00:00:00.0,17038,1044,4,0.5,0.5,32,10
307,2013-01-01 00:00:00.0,17040,950,0,20.4,11,2,4
308,2013-01-01 00:00:00.0,17066,561,263,1.5,0.8,0,2495
309,2013-01-01 00:00:00.0,17166,82,25,0.2,0.1,320,307
310,2013-01-01 00:00:00.0,17252,52,0,127.9,127.9,0,32
311,2013-01-01 00:00:00.0,17264,1750,21,2,2,0,1
312,2013-01-01 00:00:00.0,17539,43,146,173,14,6995,0
313,2013-01-01 00:00:00.0,17543,20,200,721.5,0,50,0
314,2013-01-01 00:00:00.0,17548,876,0,48.7,37.5,2223,224
315,2013-01-01 00:00:00.0,17561,1758,0,0,0,744,130
316,2013-01-01 00:00:00.0,17572,75,0,5.3,0,227,30
317,2013-01-01 00:00:00.0,17609,1133468,0,2787.2,1938.9,186444,8869
318,2013-01-01 00:00:00.0,17612,1,0,10.1,0,0,0
319,2013-01-01 00:00:00.0,17633,25664,0,57.5,0.1,807,478
320,2013-01-01 00:00:00.0,17637,40065,0,49.9,0,5007,14796
321,2013-01-01 00:00:00.0,17684,15,51,0.7,0.7,0,0
322,2013-01-01 00:00:00.0,17692,0,0,28,20,0,61
323,2013-01-01 00:00:00.0,17698,16,0,7.5,7.5,0,0
324,2013-01-01 00:00:00.0,17698,8,0,7.9,7.9,0,0
325,2013-01-01 00:00:00.0,17718,2875,33,3.5,3.5,138,553
326,2013-01-01 00:00:00.0,17718,7215,21,2.1,2.1,595,994
327,2013-01-01 00:00:00.0,17868,1801,0,6.1,5,96,118
328,2013-01-01 00:00:00.0,17876,476,2,2.7,0,13,0
329,2013-01-01 00:00:00.0,17900,1852,39,2,0.7,37,1
330,2013-01-01 00:00:00.0,17979,326,0,5.3,5.3,3,15
331,2013-01-01 00:00:00.0,18085,23876,0,23.9,19,345,5
332,2013-01-01 00:00:00.0,18087,223,17,2.1,1.8,0,0
333,2013-01-01 00:00:00.0,18125,1,824,2,1,0,0
334,2013-01-01 00:00:00.0,18203,1,0,3,0,0,0
335,2013-01-01 00:00:00.0,18280,108,353,25,17,0,0
336,2013-01-01 00:00:00.0,18304,10174,401,65,62,546,160
337,2013-01-01 00:00:00.0,18383,2767,0,3.9,3,387,39
338,2013-01-01 00:00:00.0,18445,23,0,48.8,0,5187,245
339,2013-01-01 00:00:00.0,18454,37728,7213,275.6,0,25694,6017
340,2013-01-01 00:00:00.0,18498,133,0,1,0,975,0
341,2013-01-01 00:00:00.0,18642,177,3143,636,281,21725,1318
342,2013-01-01 00:00:00.0,18642,14,52,18,1,628,29
343,2013-01-01 00:00:00.0,18642,122,1106,208,96,8676,436
344,2013-01-01 00:00:00.0,18642,46,1626,635,136,21107,454
345,2013-01-01 00:00:00.0,18642,0,16,0,0,9,9
346,2013-01-01 00:00:00.0,18642,932,8244,1148,325,27311,4282
347,2013-01-01 00:00:00.0,18642,6,55,1,1,31,31
348,2013-01-01 00:00:00.0,18820,522,225,6,6,0,210
349,2013-01-01 00:00:00.0,18941,3,0,0,0,0,0
350,2013-01-01 00:00:00.0,18956,4464,610,3.5,3.5,80,31
351,2013-01-01 00:00:00.0,18997,1338,11,202,202,12151,975
352,2013-01-01 00:00:00.0,19157,6251,0,9.1,9.1,0,82
353,2013-01-01 00:00:00.0,19160,9,1,0,0,0,0
354,2013-01-01 00:00:00.0,19189,11,0,9.3,7.2,0,0
355,2013-01-01 00:00:00.0,19327,10205,12,28,7,0,200
356,2013-01-01 00:00:00.0,19396,5210,0,8.8,6.6,480,21
357,2013-01-01 00:00:00.0,19446,10155,267,30.2,9.5,718,823
358,2013-01-01 00:00:00.0,19490,32329,306,6.2,6.2,1,0
359,2013-01-01 00:00:00.0,19499,5100,2,6,6,165,110
360,2013-01-01 00:00:00.0,19547,36318,0,29.7,0,3906,2255
361,2013-01-01 00:00:00.0,19578,17,0,21.3,0,1917,0
362,2013-01-01 00:00:00.0,19687,440,0,7,7,208,69
363,2013-01-01 00:00:00.0,19728,48,0,6,0,0,196
364,2013-01-01 00:00:00.0,19788,3345,48,16,3,3,35
365,2013-01-01 00:00:00.0,19790,3428,0,9,5.4,118,27
366,2013-01-01 00:00:00.0,19813,4570,0,9,5,348,117
367,2013-01-01 00:00:00.0,19820,161,7,13,7,382,102
368,2013-01-01 00:00:00.0,19876,3535,0,4,2,124,195
369,2013-01-01 00:00:00.0,19876,78913,0,103.1,66.9,3421,4146
370,2013-01-01 00:00:00.0,19896,246,0,12,4,0,3
371,2013-01-01 00:00:00.0,19947,597,352,6.1,2.8,188,21
372,2013-01-01 00:00:00.0,19951,1351,0,0,0,88,0
373,2013-01-01 00:00:00.0,19968,1714,0,3,2,0,22
374,2013-01-01 00:00:00.0,19981,1,0,7,0,0,0
375,2013-01-01 00:00:00.0,20136,1601,35,2.3,1.2,63,2
376,2013-01-01 00:00:00.0,20150,1011,0,0,0,0,0
377,2013-01-01 00:00:00.0,20187,85,0,0.1,0.1,0,0
378,2013-01-01 00:00:00.0,20387,0,0,0,0,199,874
379,2013-01-01 00:00:00.0,20401,1431,0,1.4,1.4,32,141
380,2013-01-01 00:00:00.0,20404,126,0,17.5,17.5,0,0
381,2013-01-01 00:00:00.0,20447,6,0,15,0,347,0
382,2013-01-01 00:00:00.0,20455,1,2,2.6,2.2,98,0
383,2013-01-01 00:00:00.0,20472,0,0,12,7,0,0
384,2013-01-01 00:00:00.0,20574,29,0,0,0,393,0
385,2013-01-01 00:00:00.0,20639,6003,1887,90.2,35.1,3605,14
386,2013-01-01 00:00:00.0,20737,2738,581,8.7,3.4,80,100
387,2013-01-01 00:00:00.0,20847,4,0,6,0,462,0
388,2013-01-01 00:00:00.0,20847,95,0,132,0,2651,0
389,2013-01-01 00:00:00.0,20856,10363,0,148.3,0,10453,4
390,2013-01-01 00:00:00.0,20858,11,0,50.4,0,2532,0
391,2013-01-01 00:00:00.0,20860,80,1,18,0,1131,0
392,2013-01-01 00:00:00.0,20860,24109,877,361.5,0,17265,0
393,2013-01-01 00:00:00.0,20885,202310,1532,43,23,0,0
394,2013-01-01 00:00:00.0,20963,3971,22263,50,36,0,165
395,2013-01-01 00:00:00.0,21002,2368,0,9.3,2.3,37,460
396,2013-01-01 00:00:00.0,21013,2022,0,0,0,0,74
397,2013-01-01 00:00:00.0,21111,1309,0,68,30,0,93
398,2013-01-01 00:00:00.0,21632,15179,0,25,25,0,0
399,2013-01-01 00:00:00.0,22500,29825,0,73,0,2922,0
400,2013-01-01 00:00:00.0,23826,148,3,3.5,2,96,24
401,2013-01-01 00:00:00.0,24211,37,0,10.6,0,1,565
402,2013-01-01 00:00:00.0,24949,9985,18380,452.8,122.4,13732,516
403,2013-01-01 00:00:00.0,25295,350,7288,33,7.3,44,0
404,2013-01-01 00:00:00.0,26218,250,0,4,2,0,20
405,2013-01-01 00:00:00.0,26939,2308,0,61,20.3,60,74
406,2013-01-01 00:00:00.0,40051,6,0,3.8,3.7,150,29
407,2013-01-01 00:00:00.0,40165,100,0,4,4,176,13
408,2013-01-01 00:00:00.0,40211,5270,0,9.5,9.5,434,856
409,2013-01-01 00:00:00.0,40211,68,0,3,3,115,225
410,2013-01-01 00:00:00.0,40211,15518,0,28,28,1304,2565
411,2013-01-01 00:00:00.0,40211,16,0,0.1,0.1,1,1
412,2013-01-01 00:00:00.0,40228,37759,39,18,12,85,197
413,2013-01-01 00:00:00.0,44372,399,226,55,55,2200,219
414,2013-01-01 00:00:00.0,55787,9,14,0,0,0,261
415,2013-01-01 00:00:00.0,55937,8,5966,5.9,5.9,236,113
0,2014-01-01 00:00:00.0,84,2200,100,1.5,1.1,17,0
1,2014-01-01 00:00:00.0,97,4305,0,8,4,68,10
2,2014-01-01 00:00:00.0,108,5178,6656,78.8,14.9,0,131
3,2014-01-01 00:00:00.0,189,13277,0,11,11,0,347
4,2014-01-01 00:00:00.0,195,3863,5171,1518,153,92,25769
5,2014-01-01 00:00:00.0,213,2428,0,27,22,66,13
6,2014-01-01 00:00:00.0,295,2748,0,8.8,3.6,5,43
7,2014-01-01 00:00:00.0,307,0,0,0,0,0,0
8,2014-01-01 00:00:00.0,309,125,9,0.2,0.2,0,14
9,2014-01-01 00:00:00.0,329,3540,0,6.7,3,480,176
10,2014-01-01 00:00:00.0,407,180,0,10.6,5.3,10,0
11,2014-01-01 00:00:00.0,590,0,0,12.5,0,0,0
12,2014-01-01 00:00:00.0,636,0,0,0,0,0,0
13,2014-01-01 00:00:00.0,733,6,0,46.1,46.1,0,0
14,2014-01-01 00:00:00.0,733,5,0,83.9,83.9,0,0
15,2014-01-01 00:00:00.0,803,568164,846359,182.5,157.5,0,1870
16,2014-01-01 00:00:00.0,807,9,0,628,159,29388,0
17,2014-01-01 00:00:00.0,814,18067,0,22.5,22.5,1025,6545
18,2014-01-01 00:00:00.0,828,477,0,0,0,12,0
19,2014-01-01 00:00:00.0,963,44859,609,50.7,50.7,636,4361
20,2014-01-01 00:00:00.0,965,404,56,0.7,0.7,9,9
21,2014-01-01 00:00:00.0,1009,6204,424,17.9,10.3,949,0
22,2014-01-01 00:00:00.0,1015,128352,54,94.3,34.7,1505,1907
23,2014-01-01 00:00:00.0,1062,2035,0,9.2,0,25,0
24,2014-01-01 00:00:00.0,1167,397066,1475,393.2,0,22909,13502
25,2014-01-01 00:00:00.0,1196,0,0,0,0,0,0
26,2014-01-01 00:00:00.0,1233,909,9,1,1,5,10
27,2014-01-01 00:00:00.0,1251,7129,0,11.5,6,33,473
28,2014-01-01 00:00:00.0,1283,0,0,0,0,0,0
29,2014-01-01 00:00:00.0,1367,1769,176,43,0,12,0
30,2014-01-01 00:00:00.0,1529,7639,4742,220.6,43.8,23,249
31,2014-01-01 00:00:00.0,1573,984,0,3.7,3,2,12
32,2014-01-01 00:00:00.0,1611,0,0,0,0,0,0
33,2014-01-01 00:00:00.0,1611,3,3070,29,27,815,0
34,2014-01-01 00:00:00.0,1613,0,0,109,20,94,266
35,2014-01-01 00:00:00.0,1763,419,0,0,0,0,34
36,2014-01-01 00:00:00.0,1769,194,0,0.2,0,0,0
37,2014-01-01 00:00:00.0,1776,0,0,0,0,0,0
38,2014-01-01 00:00:00.0,1889,0,0,0,0,0,0
39,2014-01-01 00:00:00.0,1997,0,0,0,0,0,0
40,2014-01-01 00:00:00.0,2172,1,0,1,1,19,22
41,2014-01-01 00:00:00.0,2182,743,2,2,2,275,8
42,2014-01-01 00:00:00.0,2192,1,0,3.4,3.3,40,0
43,2014-01-01 00:00:00.0,2273,0,0,0,0,0,0
44,2014-01-01 00:00:00.0,2502,2515,0,11.8,0,0,0
45,2014-01-01 00:00:00.0,2548,514,0,0.5,0.5,8,0
46,2014-01-01 00:00:00.0,2599,344,249,14,11,88,0
47,2014-01-01 00:00:00.0,2641,7210,0,4,2.5,0,0
48,2014-01-01 00:00:00.0,2655,1262,978,8,3,3,8
49,2014-01-01 00:00:00.0,2678,78,0,2,1,25,2
50,2014-01-01 00:00:00.0,2961,0,0,0,0,0,0
51,2014-01-01 00:00:00.0,2985,987,0,3,3,44,25
52,2014-01-01 00:00:00.0,3046,102771,353,222.5,108.4,1940,7734
53,2014-01-01 00:00:00.0,3046,17099,5,34.3,15.2,322,1286
54,2014-01-01 00:00:00.0,3081,4535,343,12.7,12.7,805,2
55,2014-01-01 00:00:00.0,3093,0,0,0,0,0,0
56,2014-01-01 00:00:00.0,3203,491,10,0.1,0,0,3
57,2014-01-01 00:00:00.0,3205,881,0,37,7,0,0
58,2014-01-01 00:00:00.0,3208,0,0,0,0,0,0
59,2014-01-01 00:00:00.0,3222,4613,0,5.5,4.9,0,71
60,2014-01-01 00:00:00.0,3248,6176,54,5,3,93,128
61,2014-01-01 00:00:00.0,3258,16,0,8.7,0,0,0
62,2014-01-01 00:00:00.0,3278,123,0,38.7,21.8,0,0
63,2014-01-01 00:00:00.0,3279,0,10186,30.1,30.1,0,443
64,2014-01-01 00:00:00.0,3293,1633,0,3.1,1.4,4,0
65,2014-01-01 00:00:00.0,3329,1,0,0.3,0.3,0,3
66,2014-01-01 00:00:00.0,3390,1064,384,75.5,24,182,1057
67,2014-01-01 00:00:00.0,3435,46,0,3.4,1,18,0
68,2014-01-01 00:00:00.0,3435,461,0,1.8,0.6,43,0
69,2014-01-01 00:00:00.0,3478,415,3,0,0,0,0
70,2014-01-01 00:00:00.0,3498,3855,0,7.6,4.9,547,91
71,2014-01-01 00:00:00.0,3502,46559,0,31,29.1,0,6000
72,2014-01-01 00:00:00.0,3503,5733,0,104,47,107,43
73,2014-01-01 00:00:00.0,3527,6,0,0,0,0,0
74,2014-01-01 00:00:00.0,3542,49316,381,0,0,4013,1525
75,2014-01-01 00:00:00.0,3597,0,0,0,0,0,0
76,2014-01-01 00:00:00.0,3701,3149,0,5.8,2.6,236,15
77,2014-01-01 00:00:00.0,3755,9653,14,166.3,3.8,15277,310
78,2014-01-01 00:00:00.0,3757,12,0,0,0,0,0
79,2014-01-01 00:00:00.0,3764,2076,2213,27.3,7.4,1261,23
80,2014-01-01 00:00:00.0,3844,775,0,0.8,0.8,0,2500
81,2014-01-01 00:00:00.0,3916,0,0,0,0,0,0
82,2014-01-01 00:00:00.0,3931,4523,0,1.5,0,0,0
83,2014-01-01 00:00:00.0,3989,641,0,4.2,0,16,161
84,2014-01-01 00:00:00.0,4003,0,0,0,0,0,0
85,2014-01-01 00:00:00.0,4045,15275,0,30.9,0,1561,1607
86,2014-01-01 00:00:00.0,4065,18,0,0,0,0,0
87,2014-01-01 00:00:00.0,4073,0,0,0,0,0,0
88,2014-01-01 00:00:00.0,4110,76301,87,1288,0,2402,1548
89,2014-01-01 00:00:00.0,4117,1560,0,4.1,3.6,121,0
90,2014-01-01 00:00:00.0,4147,504,0,7.2,6.2,31,0
91,2014-01-01 00:00:00.0,4176,220,0,151,88,2781,852
92,2014-01-01 00:00:00.0,4226,20757,0,194.6,0,11017,4311
93,2014-01-01 00:00:00.0,4254,1603,0,108.7,0,6136,0
94,2014-01-01 00:00:00.0,4280,0,0,0,0,0,0
95,2014-01-01 00:00:00.0,4317,0,0,0,0,0,0
96,2014-01-01 00:00:00.0,4362,57,0,4.5,4.5,1046,0
97,2014-01-01 00:00:00.0,4363,5176,0,78,59.4,0,0
98,2014-01-01 00:00:00.0,4401,1,8,1,1,15,0
99,2014-01-01 00:00:00.0,4430,1390,0,1.7,0,0,0
100,2014-01-01 00:00:00.0,4432,11721,127,15,8,116,0
101,2014-01-01 00:00:00.0,4509,0,0,19.6,8.2,0,540
102,2014-01-01 00:00:00.0,4538,2,0,12,10,4,0
103,2014-01-01 00:00:00.0,4604,0,0,0,0,0,0
104,2014-01-01 00:00:00.0,4607,0,0,0,0,0,0
105,2014-01-01 00:00:00.0,4610,0,0,0,0,0,0
106,2014-01-01 00:00:00.0,4675,459,0,9.8,7.5,21,3
107,2014-01-01 00:00:00.0,4704,169,0,1.8,1.3,29,20
108,2014-01-01 00:00:00.0,4794,1,0,2.4,0,55,0
109,2014-01-01 00:00:00.0,4911,0,0,85,71.8,0,182
110,2014-01-01 00:00:00.0,5027,244126,2051,78.4,78.4,3883,11227
111,2014-01-01 00:00:00.0,5027,32333,3535,33.3,33.3,2160,3863
112,2014-01-01 00:00:00.0,5056,2575,35,2,2,111,1
113,2014-01-01 00:00:00.0,5070,72048,1197,57.7,47.9,1405,0
114,2014-01-01 00:00:00.0,5111,1631,534,21.3,5.9,834,54
115,2014-01-01 00:00:00.0,5335,5,0,3.1,3.1,114,0
116,2014-01-01 00:00:00.0,5336,8,3,2.5,2.5,23,0
117,2014-01-01 00:00:00.0,5416,134946,5087,613.7,0,14018,7102
118,2014-01-01 00:00:00.0,5416,49618,2058,271.6,0,3628,3598
119,2014-01-01 00:00:00.0,5417,4043,0,8.7,5.2,127,86
120,2014-01-01 00:00:00.0,5551,0,0,0,0,0,0
121,2014-01-01 00:00:00.0,5552,0,0,72,72,0,366
122,2014-01-01 00:00:00.0,5575,921,264,6.8,4.4,42,82
123,2014-01-01 00:00:00.0,5580,19501,222,176.8,22.7,11327,2556
124,2014-01-01 00:00:00.0,5585,4344,0,14,3,0,25
125,2014-01-01 00:00:00.0,5605,0,0,0,0,0,0
126,2014-01-01 00:00:00.0,5632,5421,0,12.4,6,670,94
127,2014-01-01 00:00:00.0,5701,4,0,0,0,0,0
128,2014-01-01 00:00:00.0,5701,15,12,8.3,8.3,462,0
129,2014-01-01 00:00:00.0,5780,1142,0,37,37,0,103
130,2014-01-01 00:00:00.0,5860,4,2,1,1,1,0
131,2014-01-01 00:00:00.0,5860,43,24,12,12,11,0
132,2014-01-01 00:00:00.0,5860,3,2,1,1,1,0
133,2014-01-01 00:00:00.0,5880,2,0,2,2,0,0
134,2014-01-01 00:00:00.0,5905,409,5,10.5,2.6,0,16
135,2014-01-01 00:00:00.0,5997,0,0,0,0,0,0
136,2014-01-01 00:00:00.0,6043,0,0,0,0,0,0
137,2014-01-01 00:00:00.0,6151,3914,59,5,3,21,5
138,2014-01-01 00:00:00.0,6181,3250,2686,6.2,4.7,19,20
139,2014-01-01 00:00:00.0,6342,6695,488,74,10.9,3280,10
140,2014-01-01 00:00:00.0,6395,172,0,0.1,0,54,0
141,2014-01-01 00:00:00.0,6411,480,900,30,25.1,435,557
142,2014-01-01 00:00:00.0,6424,0,0,0,0,0,0
143,2014-01-01 00:00:00.0,6431,344,0,1,1,56,3
144,2014-01-01 00:00:00.0,6443,3712,0,3,0,109,0
145,2014-01-01 00:00:00.0,6452,832119,7383,1677,0,106650,18173
146,2014-01-01 00:00:00.0,6455,397846,220,975,0,55791,19917
147,2014-01-01 00:00:00.0,6604,2791,0,10,3.6,109,0
148,2014-01-01 00:00:00.0,6640,4,620,70.2,32,1713,0
149,2014-01-01 00:00:00.0,6782,2063,0,16.5,6.1,311,77
150,2014-01-01 00:00:00.0,6804,635,0,1.5,0.5,51,3
151,2014-01-01 00:00:00.0,7004,125732,655,37.5,37.5,136,103
152,2014-01-01 00:00:00.0,7090,25,232,11.6,11.6,0,0
153,2014-01-01 00:00:00.0,7140,52290,0,346.3,0,10143,1770
154,2014-01-01 00:00:00.0,7265,0,0,0,0,0,0
155,2014-01-01 00:00:00.0,7349,3837,0,51.3,0,2307,20
156,2014-01-01 00:00:00.0,7456,9,1,1,0.9,13,1
157,2014-01-01 00:00:00.0,7489,1071,8,6.7,3.4,44,2
158,2014-01-01 00:00:00.0,7490,1,0,18,14,0,832
159,2014-01-01 00:00:00.0,7558,0,0,0,0,0,0
160,2014-01-01 00:00:00.0,7570,285337,25938,440,385,878,2962
161,2014-01-01 00:00:00.0,7634,2,19,0,0,1,0
162,2014-01-01 00:00:00.0,7720,2490,0,2,1,12,6
163,2014-01-01 00:00:00.0,7785,757,1,1,1,0,2
164,2014-01-01 00:00:00.0,7801,14412,9823,83.3,83.3,4857,9605
165,2014-01-01 00:00:00.0,7887,1,0,0.5,0,4,0
166,2014-01-01 00:00:00.0,8179,1421,0,1,0,0,0
167,2014-01-01 00:00:00.0,8210,0,120,7,7,59,0
168,2014-01-01 00:00:00.0,8212,0,0,0,0,0,0
169,2014-01-01 00:00:00.0,8288,0,0,0,0,0,0
170,2014-01-01 00:00:00.0,8298,3687,0,6.1,3.9,242,208
171,2014-01-01 00:00:00.0,8319,2764,0,13.8,8.7,0,68
172,2014-01-01 00:00:00.0,8333,2163,1,1.6,0.7,40,0
173,2014-01-01 00:00:00.0,8449,0,0,0,0,0,0
174,2014-01-01 00:00:00.0,8570,100,0,50,1.3,47,15
175,2014-01-01 00:00:00.0,8574,5073,0,11.9,10.8,1019,196
176,2014-01-01 00:00:00.0,8773,0,0,0,0,0,0
177,2014-01-01 00:00:00.0,8786,5293,47,0.2,0.2,38,39
178,2014-01-01 00:00:00.0,8795,0,0,0,0,0,0
179,2014-01-01 00:00:00.0,8901,2861,358,104.1,117.2,3681,405
180,2014-01-01 00:00:00.0,8924,1200,50,20,12,0,0
181,2014-01-01 00:00:00.0,9124,0,0,0,0,0,0
182,2014-01-01 00:00:00.0,9191,31521,0,333,313.1,7941,2442
183,2014-01-01 00:00:00.0,9191,439,0,11.8,11.3,113,127
184,2014-01-01 00:00:00.0,9209,110,1,4,4,0,20
185,2014-01-01 00:00:00.0,9230,0,0,0,0,0,0
186,2014-01-01 00:00:00.0,9231,2,0,2,0,0,0
187,2014-01-01 00:00:00.0,9267,10645,0,10.9,0.8,0,156
188,2014-01-01 00:00:00.0,9273,37474,0,75.3,0,1539,878
189,2014-01-01 00:00:00.0,9324,8542,62,330.6,327.5,0,0
190,2014-01-01 00:00:00.0,9417,51270,521,282.5,0,25292,437
191,2014-01-01 00:00:00.0,9417,12,0,1.4,0,374,0
192,2014-01-01 00:00:00.0,9576,399,0,0.9,0.9,0,120
193,2014-01-01 00:00:00.0,9590,9,0,48,46,0,0
194,2014-01-01 00:00:00.0,9601,25877,0,12,12,411,31
195,2014-01-01 00:00:00.0,9616,0,0,0,0,0,0
196,2014-01-01 00:00:00.0,9617,36,0,251,161,38009,0
197,2014-01-01 00:00:00.0,9690,0,0,0,0,0,0
198,2014-01-01 00:00:00.0,9726,15942,39,23.4,23.4,0,743
199,2014-01-01 00:00:00.0,9750,1826,0,2.5,1.7,18,16
200,2014-01-01 00:00:00.0,9778,2,20,1,0.6,28,2
201,2014-01-01 00:00:00.0,9922,4655,0,24,3.4,203,0
202,2014-01-01 00:00:00.0,9936,0,0,0,0,0,0
203,2014-01-01 00:00:00.0,9996,103,0,1,0,78,0
204,2014-01-01 00:00:00.0,10000,19608,0,19.7,0,0,2
205,2014-01-01 00:00:00.0,10000,22949,0,43.3,0,0,780
206,2014-01-01 00:00:00.0,10005,27699,0,67.9,0,4499,20
207,2014-01-01 00:00:00.0,10056,0,0,0,0,0,0
208,2014-01-01 00:00:00.0,10065,500,0,5,5,2,0
209,2014-01-01 00:00:00.0,10153,899,0,10,3.8,4,47
210,2014-01-01 00:00:00.0,10171,80582,1754,90,90,2,3
211,2014-01-01 00:00:00.0,10324,0,0,0,0,0,0
212,2014-01-01 00:00:00.0,10331,0,0,0,0,0,0
213,2014-01-01 00:00:00.0,10508,0,0,0,0,0,0
214,2014-01-01 00:00:00.0,10558,332,0,17,2,11,22
215,2014-01-01 00:00:00.0,10595,3,0,5,4.5,100,1
216,2014-01-01 00:00:00.0,10605,0,0,0,0,0,0
217,2014-01-01 00:00:00.0,10625,0,0,0,0,0,0
218,2014-01-01 00:00:00.0,10768,3219,11,7.6,5.2,0,0
219,2014-01-01 00:00:00.0,10857,21992,947,33.9,22.3,1602,241
220,2014-01-01 00:00:00.0,10868,49,3,4.4,2.8,63,48
221,2014-01-01 00:00:00.0,11011,0,0,0,0,0,0
222,2014-01-01 00:00:00.0,11018,5,57,10,6,13,0
223,2014-01-01 00:00:00.0,11064,0,0,0,0,0,0
224,2014-01-01 00:00:00.0,11125,0,0,0,0,0,0
225,2014-01-01 00:00:00.0,11171,27593,0,29.6,29.6,0,1314
226,2014-01-01 00:00:00.0,11208,7,267,44.5,22.3,44,0
227,2014-01-01 00:00:00.0,11249,97815,2426,94,94,2,3
228,2014-01-01 00:00:00.0,11251,479,0,22,16.5,0,32
229,2014-01-01 00:00:00.0,11256,3219,0,0,0,1,0
230,2014-01-01 00:00:00.0,11269,0,0,0,0,0,0
231,2014-01-01 00:00:00.0,11273,8,0,0,0,1,0
232,2014-01-01 00:00:00.0,11273,450,0,2,1,54,0
233,2014-01-01 00:00:00.0,11298,957,0,4.3,0.5,35,0
234,2014-01-01 00:00:00.0,11479,15586,0,36,0,0,1351
235,2014-01-01 00:00:00.0,11501,600,1,1,1,0,150
236,2014-01-01 00:00:00.0,11560,0,69,3,3,104,0
237,2014-01-01 00:00:00.0,11571,0,0,0,0,0,0
238,2014-01-01 00:00:00.0,11581,145,2,0,0,0,1
239,2014-01-01 00:00:00.0,11611,0,0,0,0,0,0
240,2014-01-01 00:00:00.0,11713,0,0,0,0,0,0
241,2014-01-01 00:00:00.0,11731,4222,3351,8,8,861,54
242,2014-01-01 00:00:00.0,11811,755,28,1.8,1.1,33,12
243,2014-01-01 00:00:00.0,11843,14,6,5.5,3.2,12,3
244,2014-01-01 00:00:00.0,12090,590,0,0,0,0,0
245,2014-01-01 00:00:00.0,12199,4,0,0.9,0,31,13
246,2014-01-01 00:00:00.0,12199,26,5,14.9,0,659,101
247,2014-01-01 00:00:00.0,12199,0,0,0,0,0,0
248,2014-01-01 00:00:00.0,12199,718,65,14.1,2.5,262,0
249,2014-01-01 00:00:00.0,12208,21,0,0.5,0.5,0,1
250,2014-01-01 00:00:00.0,12260,5,148,5,2,5,0
251,2014-01-01 00:00:00.0,12268,726,444,27,25.4,98,94
252,2014-01-01 00:00:00.0,12298,0,0,0,0,0,0
253,2014-01-01 00:00:00.0,12301,6507,24340,198.6,78.2,0,183
254,2014-01-01 00:00:00.0,12341,62978,55,231.4,27.2,11422,1547
255,2014-01-01 00:00:00.0,12341,3230,6,9.3,2.5,365,63
256,2014-01-01 00:00:00.0,12341,172,0,0.1,0.1,6,10
257,2014-01-01 00:00:00.0,12377,5364,0,28,16,827,24
258,2014-01-01 00:00:00.0,12390,0,0,0,0,0,210
259,2014-01-01 00:00:00.0,12395,2518,132,57.1,15,0,46
260,2014-01-01 00:00:00.0,12463,33,96,0.2,0.2,1,2
261,2014-01-01 00:00:00.0,12472,495,0,17,0,0,6
262,2014-01-01 00:00:00.0,12524,583,0,31.6,22.5,1005,820
263,2014-01-01 00:00:00.0,12615,847,179,4,3,41,0
264,2014-01-01 00:00:00.0,12647,7922,226,180,0,1096,0
265,2014-01-01 00:00:00.0,12660,1,0,1,0,0,0
266,2014-01-01 00:00:00.0,12681,587,0,3,2,243,113
267,2014-01-01 00:00:00.0,12686,20,262,106.4,52.4,2306,0
268,2014-01-01 00:00:00.0,12698,16369,0,9.8,0,232,2043
269,2014-01-01 00:00:00.0,12745,12521,0,26.4,0,561,223
270,2014-01-01 00:00:00.0,12803,0,0,0,0,0,0
271,2014-01-01 00:00:00.0,12894,1628,1097,14,13,150,130
272,2014-01-01 00:00:00.0,12900,1,0,0.2,0.2,4,1
273,2014-01-01 00:00:00.0,12915,462,0,6,6,5,0
274,2014-01-01 00:00:00.0,12929,1754,0,0.8,0.8,0,0
275,2014-01-01 00:00:00.0,13036,0,0,0,0,0,0
276,2014-01-01 00:00:00.0,13058,1626,0,7.4,1.8,59,17
277,2014-01-01 00:00:00.0,13145,0,0,0,0,0,0
278,2014-01-01 00:00:00.0,13318,0,0,0,0,0,0
279,2014-01-01 00:00:00.0,13337,327,0,6,5,669,38
280,2014-01-01 00:00:00.0,13352,0,0,0,0,0,0
281,2014-01-01 00:00:00.0,13407,69594,13468,191.3,156.8,1744,13106
282,2014-01-01 00:00:00.0,13438,0,0,0,0,0,0
283,2014-01-01 00:00:00.0,13441,0,0,0,0,0,0
284,2014-01-01 00:00:00.0,13448,0,0,0,0,0,0
285,2014-01-01 00:00:00.0,13467,0,0,0,0,0,0
286,2014-01-01 00:00:00.0,13480,853,10,1,0.3,18,3
287,2014-01-01 00:00:00.0,13481,0,0,0,0,0,0
288,2014-01-01 00:00:00.0,13485,3443,0,5,3,200,0
289,2014-01-01 00:00:00.0,13488,0,0,0,0,0,0
290,2014-01-01 00:00:00.0,13511,61,18,65,4.4,1803,427
291,2014-01-01 00:00:00.0,13524,0,0,0,0,0,0
292,2014-01-01 00:00:00.0,13573,26,0,171,0,0,0
293,2014-01-01 00:00:00.0,13610,648,0,9,9,0,4
294,2014-01-01 00:00:00.0,13630,92,7854,147,123.2,0,0
295,2014-01-01 00:00:00.0,13640,32619,1471,36,0,796,331
296,2014-01-01 00:00:00.0,13647,0,0,0,0,0,0
297,2014-01-01 00:00:00.0,13664,3347,0,44.7,31.3,54,136
298,2014-01-01 00:00:00.0,13676,8602,0,4,4,188,0
299,2014-01-01 00:00:00.0,13683,0,0,70,0,0,0
300,2014-01-01 00:00:00.0,13687,140683,0,345,311,4283,1360
301,2014-01-01 00:00:00.0,13690,2574,1,3,2,70,63
302,2014-01-01 00:00:00.0,13694,0,0,0,0,0,0
303,2014-01-01 00:00:00.0,13698,874,2394,42,11.8,0,125
304,2014-01-01 00:00:00.0,13725,1655,4,4,2,0,0
305,2014-01-01 00:00:00.0,13756,27271,0,11,11,882,2044
306,2014-01-01 00:00:00.0,13762,4787,69,2,2,23,0
307,2014-01-01 00:00:00.0,13780,18134,79,3,3,1522,509
308,2014-01-01 00:00:00.0,13781,389426,473,53,53,70860,8406
309,2014-01-01 00:00:00.0,13781,12161,7,0,0,6430,236
310,2014-01-01 00:00:00.0,13781,18238,56,5,4,2609,238
311,2014-01-01 00:00:00.0,13788,0,0,0,0,0,0
312,2014-01-01 00:00:00.0,13798,25289,0,48,16.1,4170,302
313,2014-01-01 00:00:00.0,13815,1,0,1,0,31,0
314,2014-01-01 00:00:00.0,13826,0,0,0,0,0,0
315,2014-01-01 00:00:00.0,13838,77,0,0.5,0.5,0,0
316,2014-01-01 00:00:00.0,13839,554,0,2.5,0.4,5,18
317,2014-01-01 00:00:00.0,13936,6608,0,6.1,3.8,407,72
318,2014-01-01 00:00:00.0,13963,0,0,0,0,0,0
319,2014-01-01 00:00:00.0,13965,0,0,0,0,0,0
320,2014-01-01 00:00:00.0,13998,10407,20,186.6,6.6,10883,408
321,2014-01-01 00:00:00.0,14006,1479,0,126,125.9,0,0
322,2014-01-01 00:00:00.0,14063,3,0,1,0,647,0
323,2014-01-01 00:00:00.0,14063,25787,8859,53.7,44.4,14087,16762
324,2014-01-01 00:00:00.0,14127,30885,929,86,85.6,888,4963
325,2014-01-01 00:00:00.0,14175,17855,3526,3,0,0,0
326,2014-01-01 00:00:00.0,14201,738,9,0.9,0.9,0,0
327,2014-01-01 00:00:00.0,14202,551,0,3.1,2.5,23,6
328,2014-01-01 00:00:00.0,14232,19543,0,62,49,82,235
329,2014-01-01 00:00:00.0,14232,18642,0,76,60,77,224
330,2014-01-01 00:00:00.0,14232,3721,0,12,8,16,46
331,2014-01-01 00:00:00.0,14246,6904,172,9.3,9.3,403,5
332,2014-01-01 00:00:00.0,14251,6314,1621,0,0,290,0
333,2014-01-01 00:00:00.0,14328,803612,200336,658,581,41341,30827
334,2014-01-01 00:00:00.0,14354,190,0,158.8,158.8,4244,222
335,2014-01-01 00:00:00.0,14354,92155,0,123.5,116.6,2432,21732
336,2014-01-01 00:00:00.0,14398,37226,878,48.3,33.7,113,819
337,2014-01-01 00:00:00.0,14426,310,131,18.6,10.7,85,0
338,2014-01-01 00:00:00.0,14468,2365,0,9.3,5.6,843,118
339,2014-01-01 00:00:00.0,14505,0,0,0,0,0,0
340,2014-01-01 00:00:00.0,14557,3,0,8,6.5,0,0
341,2014-01-01 00:00:00.0,14711,0,0,0,0,0,2
342,2014-01-01 00:00:00.0,14712,0,0,0,0,0,0
343,2014-01-01 00:00:00.0,14716,0,0,0,0,0,0
344,2014-01-01 00:00:00.0,14717,106,0,6,0,0,0
345,2014-01-01 00:00:00.0,14940,74723,233,75,74,7369,1300
346,2014-01-01 00:00:00.0,15023,7790,0,7.1,7.1,136,614
347,2014-01-01 00:00:00.0,15034,6956,0,19.8,4.2,16,142
348,2014-01-01 00:00:00.0,15159,0,0,0,0,0,0
349,2014-01-01 00:00:00.0,15231,1,0,15,15,288,0
350,2014-01-01 00:00:00.0,15248,26,429,22.8,20.9,689,334
351,2014-01-01 00:00:00.0,15257,2,84,7,7,173,0
352,2014-01-01 00:00:00.0,15270,23746,141,11.8,11.8,986,2781
353,2014-01-01 00:00:00.0,15270,362695,3575,59.1,59.1,13691,15743
354,2014-01-01 00:00:00.0,15296,3,0,13.6,0,339,0
355,2014-01-01 00:00:00.0,15312,0,0,0,0,0,0
356,2014-01-01 00:00:00.0,15344,7395,0,19,5.7,0,23
357,2014-01-01 00:00:00.0,15349,0,0,0,0,0,0
358,2014-01-01 00:00:00.0,15356,2394,0,6,2.1,464,15
359,2014-01-01 00:00:00.0,15387,0,0,0,0,0,0
360,2014-01-01 00:00:00.0,15410,825,0,0.8,0.5,4,35
361,2014-01-01 00:00:00.0,15466,10024,194,10,10,35224,7161
362,2014-01-01 00:00:00.0,15470,55934,10259,572.1,0,414,2081
363,2014-01-01 00:00:00.0,15473,48112,1207,43,43,2550,5855
364,2014-01-01 00:00:00.0,15474,814,0,58.5,33.5,0,0
365,2014-01-01 00:00:00.0,15477,116059,0,81,0,3636,2841
366,2014-01-01 00:00:00.0,15619,1,0,5.3,0,0,0
367,2014-01-01 00:00:00.0,15671,213,0,12.8,8.6,441,0
368,2014-01-01 00:00:00.0,15700,3,0,3,1,0,0
369,2014-01-01 00:00:00.0,15746,0,30,5,5,1446,0
370,2014-01-01 00:00:00.0,15804,0,0,0,0,0,0
371,2014-01-01 00:00:00.0,15978,0,0,0,0,0,0
372,2014-01-01 00:00:00.0,16060,8606,0,15.4,8.2,1358,46
373,2014-01-01 00:00:00.0,16082,0,0,0,0,0,0
374,2014-01-01 00:00:00.0,16181,7950,671,14.7,14.7,697,0
375,2014-01-01 00:00:00.0,16183,2,0,1.3,0,0,0
376,2014-01-01 00:00:00.0,16195,0,0,0,0,0,0
377,2014-01-01 00:00:00.0,16267,203,80,4,4,32,20
378,2014-01-01 00:00:00.0,16284,3061,1,0,0,16,262
379,2014-01-01 00:00:00.0,16295,3747,0,3.7,0,38,67
380,2014-01-01 00:00:00.0,16420,0,0,0,0,0,0
381,2014-01-01 00:00:00.0,16496,7827,0,3,0,166,0
382,2014-01-01 00:00:00.0,16534,92368,24,86.1,11.5,0,232
383,2014-01-01 00:00:00.0,16572,80,96,119,48,822,2532
384,2014-01-01 00:00:00.0,16603,0,0,0,0,0,0
385,2014-01-01 00:00:00.0,16604,110580,3044,167.8,163.8,22900,3000
386,2014-01-01 00:00:00.0,16606,2804,10024,19.6,19.6,561,421
387,2014-01-01 00:00:00.0,16609,84780,2175,88.3,64.4,7478,14875
388,2014-01-01 00:00:00.0,16627,6,0,13.5,13.5,2098,0
389,2014-01-01 00:00:00.0,16674,595,10,21,12,0,50
390,2014-01-01 00:00:00.0,16740,7031,0,8.9,4.8,314,59
391,2014-01-01 00:00:00.0,16805,300,0,4.5,2,42,0
392,2014-01-01 00:00:00.0,16854,2506,0,8.8,1.3,80,23
393,2014-01-01 00:00:00.0,16865,22578,4,7.9,2.8,1362,1458
394,2014-01-01 00:00:00.0,16920,41,0,36.4,2.6,41,36
395,2014-01-01 00:00:00.0,16932,318,0,0,0,0,0
396,2014-01-01 00:00:00.0,16971,1900,0,1.9,0,23,19
397,2014-01-01 00:00:00.0,17008,1,5,2,2,80,24
398,2014-01-01 00:00:00.0,17038,271,4504,0.4,0.4,38,4
399,2014-01-01 00:00:00.0,17040,1280,0,20,11,2,4
400,2014-01-01 00:00:00.0,17066,8054,0,11.3,6.5,0,1075
401,2014-01-01 00:00:00.0,17166,813,257,2.1,1.1,2,913
402,2014-01-01 00:00:00.0,17252,53,0,120.5,120.5,0,33
403,2014-01-01 00:00:00.0,17264,1725,21,2,2,0,1
404,2014-01-01 00:00:00.0,17324,0,0,0,0,0,0
405,2014-01-01 00:00:00.0,17539,43,5227,175,130,6956,0
406,2014-01-01 00:00:00.0,17543,20,3680,541.5,519,40800,0
407,2014-01-01 00:00:00.0,17548,889,0,48.9,36.5,0,241
408,2014-01-01 00:00:00.0,17561,1743,0,0,0,744,120
409,2014-01-01 00:00:00.0,17572,81,0,5.1,0,179,51
410,2014-01-01 00:00:00.0,17609,816809,0,5129.1,2318.6,242906,21789
411,2014-01-01 00:00:00.0,17612,1,0,14.1,0,0,0
412,2014-01-01 00:00:00.0,17633,24885,0,57.5,17.6,629,670
413,2014-01-01 00:00:00.0,17637,41626,0,51.2,51.2,6905,20788
414,2014-01-01 00:00:00.0,17671,4,0,34.5,13.8,1634,0
415,2014-01-01 00:00:00.0,17684,12,51,0.4,0.4,4,0
416,2014-01-01 00:00:00.0,17692,950,0,26.8,18.8,0,42
417,2014-01-01 00:00:00.0,17698,21,0,10.4,8.4,0,0
418,2014-01-01 00:00:00.0,17698,0,0,0,0,0,0
419,2014-01-01 00:00:00.0,17698,9,0,9.1,9.1,0,0
420,2014-01-01 00:00:00.0,17718,826,4,0.1,0.1,174,542
421,2014-01-01 00:00:00.0,17718,448,9,3,3,576,519
422,2014-01-01 00:00:00.0,17832,94084,0,0,0,0,0
423,2014-01-01 00:00:00.0,17868,5023,0,15,6,196,114
424,2014-01-01 00:00:00.0,17876,477,2,2.7,0,13,0
425,2014-01-01 00:00:00.0,17900,1871,22,2.2,0.7,39,1
426,2014-01-01 00:00:00.0,17979,320,0,5.4,5.4,3,15
427,2014-01-01 00:00:00.0,18019,890,3,5,3.9,114,55
428,2014-01-01 00:00:00.0,18085,24887,0,24.9,20,417,45
429,2014-01-01 00:00:00.0,18087,223,17,2,2,0,0
430,2014-01-01 00:00:00.0,18102,0,0,0,0,0,0
431,2014-01-01 00:00:00.0,18125,1,0,2,0,0,0
432,2014-01-01 00:00:00.0,18181,0,0,0,0,0,0
433,2014-01-01 00:00:00.0,18203,1,34,2.1,2.1,0,0
434,2014-01-01 00:00:00.0,18249,0,0,0,0,0,0
435,2014-01-01 00:00:00.0,18280,0,0,0,0,0,0
436,2014-01-01 00:00:00.0,18304,28,166,23,19,0,365
437,2014-01-01 00:00:00.0,18312,0,0,0,0,0,0
438,2014-01-01 00:00:00.0,18383,2561,0,5.5,1.9,421,33
439,2014-01-01 00:00:00.0,18445,13,0,48.2,0,5783,156
440,2014-01-01 00:00:00.0,18454,26495,7692,322.9,0,23112,6823
441,2014-01-01 00:00:00.0,18488,12,28,10,7,10,0
442,2014-01-01 00:00:00.0,18498,0,0,0,0,0,0
443,2014-01-01 00:00:00.0,18642,175,6148,621,439,22196,968
444,2014-01-01 00:00:00.0,18642,14,236,18,14,696,56
445,2014-01-01 00:00:00.0,18642,125,2159,196,151,9131,936
446,2014-01-01 00:00:00.0,18642,45,6763,613,482,22248,581
447,2014-01-01 00:00:00.0,18642,2,1,0,0,1,1
448,2014-01-01 00:00:00.0,18642,993,12436,1048,703,32093,7223
449,2014-01-01 00:00:00.0,18642,7,7,0,0,10,10
450,2014-01-01 00:00:00.0,18820,520,154,5,5,0,160
451,2014-01-01 00:00:00.0,18941,0,0,0,0,0,0
452,2014-01-01 00:00:00.0,18956,3143,0,4.4,3.8,97,68
453,2014-01-01 00:00:00.0,18997,1381,3,201.9,0.9,10655,130
454,2014-01-01 00:00:00.0,19126,24759,138,24,5,45,0
455,2014-01-01 00:00:00.0,19157,8265,0,10.7,7.8,807,52
456,2014-01-01 00:00:00.0,19160,9,0,0,0,0,0
457,2014-01-01 00:00:00.0,19189,21,0,8.6,0,0,0
458,2014-01-01 00:00:00.0,19324,0,0,0,0,0,0
459,2014-01-01 00:00:00.0,19327,12947,0,0,0,0,200
460,2014-01-01 00:00:00.0,19396,5380,0,22.5,11.7,515,19
461,2014-01-01 00:00:00.0,19446,10433,54,0,0,936,426
462,2014-01-01 00:00:00.0,19490,32329,234,16.3,16.3,1,0
463,2014-01-01 00:00:00.0,19499,5600,2,6.5,6.5,190,110
464,2014-01-01 00:00:00.0,19547,36088,1133,35.4,0,4101,3460
465,2014-01-01 00:00:00.0,19578,0,0,0,0,0,0
466,2014-01-01 00:00:00.0,19687,447,0,7,7,211,35
467,2014-01-01 00:00:00.0,19728,2,3542,3.4,3.4,0,189
468,2014-01-01 00:00:00.0,19788,3434,19,16,3,9,40
469,2014-01-01 00:00:00.0,19790,3453,0,9,6.1,107,22
470,2014-01-01 00:00:00.0,19813,4511,0,8,4,365,68
471,2014-01-01 00:00:00.0,19820,134,5,10,7,329,84
472,2014-01-01 00:00:00.0,19865,0,0,0,0,0,0
473,2014-01-01 00:00:00.0,19876,5260,0,4,2,164,277
474,2014-01-01 00:00:00.0,19876,115102,0,99.6,65.3,4451,3244
475,2014-01-01 00:00:00.0,19896,0,0,0,0,0,0
476,2014-01-01 00:00:00.0,19947,607,373,6.2,2.8,142,30
477,2014-01-01 00:00:00.0,19951,1367,2,0,0,45,0
478,2014-01-01 00:00:00.0,19968,1714,0,3,2,0,10
479,2014-01-01 00:00:00.0,19981,1,0,7,7,0,1
480,2014-01-01 00:00:00.0,20065,0,0,0,0,0,0
481,2014-01-01 00:00:00.0,20136,1607,37,2.3,1.2,63,2
482,2014-01-01 00:00:00.0,20150,1049,0,0,0,0,0
483,2014-01-01 00:00:00.0,20182,0,0,0,0,0,0
484,2014-01-01 00:00:00.0,20187,0,0,0,0,0,0
485,2014-01-01 00:00:00.0,20211,0,0,0,0,0,0
486,2014-01-01 00:00:00.0,20213,0,0,0,0,0,0
487,2014-01-01 00:00:00.0,20387,0,0,0,0,0,3
488,2014-01-01 00:00:00.0,20401,1637,0,1.6,1.6,33,48
489,2014-01-01 00:00:00.0,20404,20,0,2.8,1,0,0
490,2014-01-01 00:00:00.0,20434,0,0,0,0,0,0
491,2014-01-01 00:00:00.0,20447,5,0,15,0,381,0
492,2014-01-01 00:00:00.0,20455,1,0,2.2,0.2,84,0
493,2014-01-01 00:00:00.0,20472,538,0,8.6,4.6,130,88
494,2014-01-01 00:00:00.0,20521,0,0,0,0,0,0
495,2014-01-01 00:00:00.0,20574,0,0,0,0,0,0
496,2014-01-01 00:00:00.0,20583,0,0,0,0,0,0
497,2014-01-01 00:00:00.0,20639,6126,5769,93,36,4163,12
498,2014-01-01 00:00:00.0,20737,2766,490,6.6,2,46,84
499,2014-01-01 00:00:00.0,20806,0,0,0,0,0,0
500,2014-01-01 00:00:00.0,20823,492,1,1,0,32,53
501,2014-01-01 00:00:00.0,20847,4,0,5.1,0,378,0
502,2014-01-01 00:00:00.0,20847,94,0,137.5,0,2451,0
503,2014-01-01 00:00:00.0,20856,10400,0,140.2,0,0,0
504,2014-01-01 00:00:00.0,20858,9,0,43.3,0,3047,0
505,2014-01-01 00:00:00.0,20860,80,1,18,0,1131,0
506,2014-01-01 00:00:00.0,20860,24265,336,353,0,16826,0
507,2014-01-01 00:00:00.0,20885,204328,1594,46,25,0,60
508,2014-01-01 00:00:00.0,20963,0,0,0,0,0,0
509,2014-01-01 00:00:00.0,20997,0,0,0,0,0,0
510,2014-01-01 00:00:00.0,21002,3362,0,12,3,90,786
511,2014-01-01 00:00:00.0,21013,2107,0,0,0,0,50
512,2014-01-01 00:00:00.0,21111,1378,1344,33.5,22.4,0,0
513,2014-01-01 00:00:00.0,21244,587,1,0.1,0.1,6,404
514,2014-01-01 00:00:00.0,21632,14624,0,25,25,2,0
515,2014-01-01 00:00:00.0,22053,0,0,0,0,0,0
516,2014-01-01 00:00:00.0,22500,30432,0,48,0,1096,20
517,2014-01-01 00:00:00.0,23826,156,4,3.5,0.9,125,25
518,2014-01-01 00:00:00.0,24211,46,20948,16.5,16.5,0,479
519,2014-01-01 00:00:00.0,24949,9935,26705,455.2,123,14176,627
520,2014-01-01 00:00:00.0,25295,369,7152,33,7.2,23,0
521,2014-01-01 00:00:00.0,26218,252,0,4,2,0,20
522,2014-01-01 00:00:00.0,26934,2239,3331,53,14,1258,17
523,2014-01-01 00:00:00.0,26939,2313,0,60.8,20.4,11,94
524,2014-01-01 00:00:00.0,40051,86,8,4.7,4,184,31
525,2014-01-01 00:00:00.0,40165,99,0,3,3,184,18
526,2014-01-01 00:00:00.0,40211,5270,34,9.4,8.6,443,401
527,2014-01-01 00:00:00.0,40211,15544,116,31.1,29.1,1466,1325
528,2014-01-01 00:00:00.0,40211,74,8,2.5,2,118,107
529,2014-01-01 00:00:00.0,40211,16,0,0,0,1,1
530,2014-01-01 00:00:00.0,40212,1803,649,64.8,64.2,0,51
531,2014-01-01 00:00:00.0,40228,40089,42,18,12,135,201
532,2014-01-01 00:00:00.0,44372,177,191,59.2,59.2,2370,219
533,2014-01-01 00:00:00.0,55787,10,29,0.1,0.1,0,104
534,2014-01-01 00:00:00.0,55937,9,11,8.6,6,241,19
535,2014-01-01 00:00:00.0,58124,0,0,0,0,0,0
536,2014-01-01 00:00:00.0,58126,0,0,0,0,0,0
537,2014-01-01 00:00:00.0,58128,1792,52284,0,7.9,6063,18536
